Name, CEA, FSA, FSR, FSE, BA, AC, ROP, ACT, DEP, BAD, EFR, EFRC
"Sandlewood Townhomes (TEST)","1990-01-01","11,000","1990-01-01","1990-01-01","2006-05-22","1990-01-01","1990-01-01","1990-01-01","2006-05-25","1990-01-01","11,000","1990-01-01"
"Commerce Bank - Manheim Pike","2006-04-28","6765.00","2006-06-09","2007-06-05","1990-01-01","1990-01-01","1990-01-01","1990-01-01","1990-01-01","1990-01-01","200","2006-11-22"
"Penn Cinema","2006-04-28","23595","2006-05-26","2007-05-25","1990-01-01","1990-01-01","1990-01-01","1990-01-01","1990-01-01","1990-01-01","1000","1990-01-01"
"Arbors at Spring Valley","2006-05-09","89925.00","2006-06-13","2007-06-30","2006-06-22","2006-06-12","1990-01-01","2006-06-12","2006-06-12","2006-06-22","1500.00","2006-06-12"
"Kissinger Subdivision","1990-01-01",,"1990-01-01","1990-01-01","1990-01-01","1990-01-01","2007-11-05","1990-01-01","1990-01-01","1990-01-01",,"1990-01-01"
"Carrington Subdivision","2006-08-07","39716.00","2006-08-17","2007-08-16","2006-08-17","2006-08-07","2006-08-18","2006-08-07","2006-08-07","2006-09-28","2000","2006-08-17"
"Diller Tract","1990-01-01",,"1990-01-01","1990-01-01","1990-01-01","1990-01-01","1990-01-01","1990-01-01","1990-01-01","1990-01-01",,"1990-01-01"
"Worthington (Rockview) Subdivision - Residential","2008-07-10","768688.00","2008-08-22","2009-09-01","2008-08-20","2008-06-30","2008-02-06","2008-06-30","2008-06-30","2008-08-28","11000.00","2008-06-30"
"Chatsworth","2007-12-11","135300.00","2008-01-16","1990-01-01","2008-01-15","2008-01-15","2008-01-17","2008-01-16","2008-01-16","2008-01-24","1500.00","2008-01-15"
"Stone Mill Estates (Bridle Estates)","2006-10-11","228936.15","2007-07-05","1990-01-01","2007-09-18","2006-10-17","2007-09-21","2006-06-26","2006-10-17","2007-09-27","2000 + 1000","2006-10-17"
"Manor Oaks Lot 146","2006-09-11","34001.00","2007-02-15","1990-01-01","2006-10-03","1990-01-01","1990-01-01","2006-09-11","2006-09-11","2007-06-28","1000","2006-09-11"
"Eagles View 1B","1990-01-01",,"1990-01-01","1990-01-01","1990-01-01","1990-01-01","1990-01-01","1990-01-01","1990-01-01","1990-01-01",,"1990-01-01"
"Wetherburn Commons","2006-06-14","390500","2006-11-03","1990-01-01","2006-06-19","2006-06-16","1990-01-01","2006-06-16","2006-06-16","2006-11-16","7000","2006-06-16"
"Southern Village Phase 1","2005-07-26",,"1990-01-01","1990-01-01","2005-05-26","1990-01-01","2006-01-23","2005-05-25","2005-05-25","2005-05-26","2500","2005-05-24"
"SIM Properites","1990-01-01",,"1990-01-01","1990-01-01","1990-01-01","1990-01-01","1990-01-01","1990-01-01","2006-02-24","1990-01-01","200","2006-06-19"
"Winchelsea (Hynicka Tract)","2007-06-28","158400.00","2007-06-28","2008-06-28","2007-06-28","2007-07-18","2007-07-18","2007-06-28","2007-06-28","2007-07-26","2000.00","2007-06-28"
"Al Hamiltion Family LP 2","1990-01-01",,"1990-01-01","1990-01-01","1990-01-01","1990-01-01","2006-10-09","1990-01-01","1990-01-01","1990-01-01",,"1990-01-01"
"Timson Place","2006-05-26","47766.00","2007-04-04","2008-04-03","2007-03-01","2007-02-26","2006-03-16","2007-03-07","2007-03-08","2007-03-22","1000.00","2007-03-01"
"D.A.D. Enterprises, Inc.","1990-01-01",,"1990-01-01","1990-01-01","1990-01-01","1990-01-01","1990-01-01","1990-01-01","1990-01-01","1990-01-01","300","2006-05-25"
"Abel Drive Lot 8   (3912)","2006-07-05","9000","2006-07-14","2007-07-14","1990-01-01","1990-01-01","1990-01-01","1990-01-01","1990-01-01","1990-01-01","200","2006-07-17"
"Brethren Villiage- Village Garden Apartments II","2006-01-20","29993","2006-03-20","2007-03-16","2006-01-20","1990-01-01","1990-01-01","1990-01-01","2005-10-13","2006-03-23","1000","2006-01-20"
"Fruitville Business Park Subdivision","1990-01-01",,"1990-01-01","1990-01-01","1990-01-01","1990-01-01","1990-01-01","1990-01-01","1990-01-01","1990-01-01","1500.00","1990-01-01"
"Parkfield - Phase 1","1990-01-01",,"1990-01-01","1990-01-01","2003-10-01","2003-11-06","1990-01-01","2003-10-16","2003-10-16","2006-10-23","3500","2003-10-16"
"Mews at Homestead","1990-01-01",,"1990-01-01","1990-01-01","1990-01-01","1990-01-01","1990-01-01","1990-01-01","1990-01-01","1990-01-01",,"1990-01-01"
"Village Grande @ Millers Run","1990-01-01",,"1990-01-01","1990-01-01","1990-01-01","1990-01-01","1990-01-01","1990-01-01","1990-01-01","1990-01-01",,"1990-01-01"
"Brighton Commercial","1990-01-01",,"1990-01-01","1990-01-01","1990-01-01","1990-01-01","1990-01-01","1990-01-01","1990-01-01","1990-01-01","200.00","2005-06-23"
"Penns Crossing","1990-01-01",,"1990-01-01","1990-01-01","2005-01-24","1990-01-01","1990-01-01","1990-01-01","1990-01-01","2005-01-27","4000.00","2005-01-24"
"Farm on Quarry Road","2005-09-22","241065","2005-10-03","1990-01-01","2005-09-22","2005-09-22","1990-01-01","2005-09-22","2005-09-22","2005-09-22","4000","2005-09-22"
"Chaddsford Estates","1990-01-01",,"1990-01-01","1990-01-01","1990-01-01","1990-01-01","1990-01-01","1990-01-01","1990-01-01","1990-01-01",,"1990-01-01"
"Millstone Village (Hershey Mill East)","2005-07-08","89954.00","2005-07-21","2008-07-22","2005-07-25","2005-06-20","2005-06-20","2005-06-20","2005-06-20","2005-07-28","1500.00","2005-06-20"
"Manor Heights","2005-08-12","2073352","2005-08-12","1990-01-01","2005-09-22","1990-01-01","1990-01-01","1990-01-01","2005-08-12","2005-09-22","3500","2005-08-12"
"Landis Estates","1990-01-01","36770.25","2005-08-24","2006-08-25","2005-08-25","2005-08-18","2005-09-23","1990-01-01","1990-01-01","2005-08-25","1000","2005-04-05"
"Porter Tract (Meadow Run)","1990-01-01",,"1990-01-01","1990-01-01","2005-04-28","1990-01-01","2005-06-20","1990-01-01","1990-01-01","1990-01-01",,"1990-01-01"
"Windemere Place","1990-01-01",,"1990-01-01","1990-01-01","1990-01-01","1990-01-01","1990-01-01","1990-01-01","1990-01-01","1990-01-01",,"1990-01-01"
"Woods Edge","1990-01-01",,"1990-01-01","1990-01-01","1990-01-01","1990-01-01","1990-01-01","1990-01-01","1990-01-01","1990-01-01",,"1990-01-01"
"Twin Oaks Hollow","1990-01-01",,"1990-01-01","1990-01-01","2005-01-20","1990-01-01","1990-01-01","1990-01-01","1990-01-01","2005-01-27","2000","2005-01-20"
"Windsor Court","1990-01-01",,"1990-01-01","1990-01-01","1990-01-01","1990-01-01","1990-01-01","1990-01-01","1990-01-01","1990-01-01",,"1990-01-01"
"Sunset Ridge 1","1990-01-01",,"1990-01-01","1990-01-01","1990-01-01","1990-01-01","1990-01-01","1990-01-01","1990-01-01","1990-01-01",,"1990-01-01"
"Rosewood",NULL,,NULL,NULL,NULL,NULL,NULL,NULL,NULL,NULL,,NULL
"Manor Oaks Remaining Lands Section 3","2005-09-15","9105.53","2005-09-15","2006-09-15","2005-12-22","2005-12-22","1990-01-01","2005-12-22","2005-12-22","2006-01-26","1000","2005-12-22"
"Westwood Green","1990-01-01",,"1990-01-01","1990-01-01","2004-02-27","1990-01-01","1990-01-01","1990-01-01","1990-01-01","2004-03-25","1500.00","2004-03-09"
"Union Nation Bank- Gold Cafe","1990-01-01",,"1990-01-01","1990-01-01","1990-01-01","1990-01-01","1990-01-01","1990-01-01","1990-01-01","1990-01-01",,"1990-01-01"
"DH Funk Lot 1","1990-01-01",,"1990-01-01","1990-01-01","1990-01-01","1990-01-01","1990-01-01","1990-01-01","1990-01-01","1990-01-01",,"1990-01-01"
"Woods Edge Villas at Sutherland","1990-01-01",,"1990-01-01","1990-01-01","1990-01-01","1990-01-01","1990-01-01","1990-01-01","1990-01-01","1990-01-01",,"1990-01-01"
"Rental Service Corporation","1990-01-01",,"1990-01-01","1990-01-01","1990-01-01","1990-01-01","1990-01-01","1990-01-01","2005-12-27","1990-01-01","200.00","2006-05-05"
"Brethren Village-Fieldcrest Cottages Phase III","2006-06-06","102245","2006-06-14","2007-07-13","1990-01-01","2006-06-15","1990-01-01","1990-01-01","1990-01-01","1990-01-01","2500","2006-06-13"
"Stonemill Estates","1990-01-01",,"1990-01-01","1990-01-01","1990-01-01","1990-01-01","1990-01-01","1990-01-01","1990-01-01","1990-01-01","2000.00","2008-02-19"
"Eastland Land Development Subdivision","2005-11-14","20,744.90","2006-01-13","2006-12-20","2006-01-13","2006-01-13","2006-01-13","1990-01-01","2006-01-13","2006-01-26","1,000","2006-01-13"
"Del Boca Vista","1990-01-01",,"1990-01-01","1990-01-01","1990-01-01","1990-01-01","2008-03-04","1990-01-01","1990-01-01","1990-01-01",,"1990-01-01"
"Manor Blvd. Subdivision","1990-01-01",,"1990-01-01","1990-01-01","1990-01-01","1990-01-01","1990-01-01","1990-01-01","1990-01-01","1990-01-01","1000","1990-01-01"
"Knight, Bernice","1990-01-01",,"1990-01-01","1990-01-01","1990-01-01","1990-01-01","2006-05-26","1990-01-01","1990-01-01","1990-01-01",,"1990-01-01"
"Penn Manor Comet Field","1990-01-01",,"1990-01-01","1990-01-01","1990-01-01","1990-01-01","2006-07-26","1990-01-01","1990-01-01","1990-01-01","200","2004-07-06"
"Noll Drive Associates","2006-01-23","36536","1990-01-01","1990-01-01","2006-01-23","1990-01-01","1990-01-01","1990-01-01","1990-01-01","1990-01-01","750","2006-01-23"
"Bantam Lane","2007-04-10","28,105.00","2007-04-17","2008-04-16","2007-03-23","2007-04-04","2007-04-02","2007-04-02","2007-04-02","2007-04-26","1000.00","2007-03-23"
"Kline&#039s Services, Inc. - Residual Bldg.","1990-01-01",,"1990-01-01","1990-01-01","1990-01-01","1990-01-01","1990-01-01","1990-01-01","1990-01-01","1990-01-01",,"1990-01-01"
"Page, Dave & Cindy","1990-01-01",,"1990-01-01","1990-01-01","1990-01-01","1990-01-01","2006-06-15","1990-01-01","1990-01-01","1990-01-01",,"1990-01-01"
"Boshnaugle, Donald 202 Sylvan Retreat Road","1990-01-01",,"1990-01-01","1990-01-01","1990-01-01","1990-01-01","1990-01-01","1990-01-01","1990-01-01","1990-01-01",,"1990-01-01"
"Hess 3868 Columbia Avenue - Commercial","2006-06-12","3355.00","2006-10-26","2007-10-24","1990-01-01","1990-01-01","1990-01-01","1990-01-01","1990-01-01","1990-01-01","200.00","2006-11-09"
"Jung, Gary A. - Lot Sub. - Stonehenge Dr.","1990-01-01",,"1990-01-01","1990-01-01","1990-01-01","1990-01-01","1990-01-01","1990-01-01","1990-01-01","1990-01-01",,"1990-01-01"
"Southern Village Phase 2","2006-06-20","N/A","1990-01-01","1990-01-01","2006-06-12","2006-06-12","2006-06-22","2006-06-22","2006-06-22","2006-07-27","2000","2006-06-12"
"Edington Place formerly Honeysuckle Lane Subdivision","2006-11-06","0.00","1990-01-01","1990-01-01","2007-04-26","2007-04-26","1990-01-01","1990-01-01","2007-04-12","2007-04-26","2200.00","2007-02-22"
"Rettew - 3020 Associates Addition","2011-01-20","4369.75","2011-01-20","1990-01-01","1990-01-01","1990-01-01","1990-01-01","1990-01-01","1990-01-01","1990-01-01","300.00","2011-01-20"
"It&#039s A Grind Coffee Shop","1990-01-01",,"1990-01-01","1990-01-01","1990-01-01","1990-01-01","1990-01-01","1990-01-01","1990-01-01","1990-01-01",,"1990-01-01"
"Lausch Lane Lot 2","1990-01-01",,"1990-01-01","1990-01-01","1990-01-01","1990-01-01","1990-01-01","1990-01-01","1990-01-01","1990-01-01","200","2006-07-25"
"Landings at Eagle Heights (Final Ph)","2007-01-25","900.00","2007-01-25","1990-01-01","2007-01-18","2007-01-18","1990-01-01","2007-01-22","2006-11-22","2007-02-22","1500.00","2007-01-18"
"Hershey Mill Manor (Hershey Mill West)","2005-07-21","35562.00","2005-07-21","2008-07-22","2005-09-22","2005-06-20","2005-06-20","1990-01-01","2004-11-12","2005-09-22","1500.00","2005-06-20"
"Cedar Chase","1990-01-01",,"1990-01-01","1990-01-01","2005-07-19","1990-01-01","2005-07-19","1990-01-01","2005-05-17","2005-07-28","1500","2005-07-19"
"Lancaster Toyota Mazda Collision Center","1990-01-01",,"1990-01-01","1990-01-01","1990-01-01","1990-01-01","1990-01-01","1990-01-01","1990-01-01","1990-01-01",,"1990-01-01"
"Eagle Heights","1990-01-01",,"1990-01-01","1990-01-01","1990-01-01","2003-03-12","1990-01-01","1990-01-01","1990-01-01","1990-01-01","6,000.00","2003-03-07"
"MISCELLANEOUS PROJECT PERMITS","1990-01-01",,"1990-01-01","1990-01-01","1990-01-01","1990-01-01","1990-01-01","1990-01-01","1990-01-01","1990-01-01",,"1990-01-01"
"Cibo Pizza and Grille","1990-01-01",,"1990-01-01","1990-01-01","1990-01-01","1990-01-01","1990-01-01","1990-01-01","1990-01-01","1990-01-01",,"1990-01-01"
"Lancaster General  Campus W&B and Rehab Hospital","1990-01-01","43329.00","2006-09-19","2007-08-24","1990-01-01","2006-08-23","1990-01-01","1990-01-01","1990-01-01","1990-01-01","500","2006-09-19"
"Lancaster General Campus Ambulatory Surgery Center","1990-01-01","16368.00","2006-09-19","1990-01-01","1990-01-01","1990-01-01","2006-08-23","1990-01-01","1990-01-01","1990-01-01","500","2006-09-19"
"Kissel Hill Commons Phase 3 - Final Phase","2005-09-07","331,881.00","2005-09-09","2006-09-09","2005-09-08","2005-09-08","2005-09-08","2005-09-08","2005-09-08","2005-09-22","4,000","2005-09-07"
"Parkridge","2006-02-15","302,030.00","2006-03-15","2007-03-15","2006-02-15","2006-02-15","2006-02-27","2006-02-15","2006-02-15","2006-03-23","4000.00","2006-02-15"
"Commerce Bank - Golden Triangle","1990-01-01",,"1990-01-01","1990-01-01","1990-01-01","1990-01-01","2006-02-17","1990-01-01","1990-01-01","1990-01-01","200.00","2006-02-17"
"Homewood Suites","2007-04-25","5775.00","2007-04-24","1990-01-01","1990-01-01","1990-01-01","1990-01-01","1990-01-01","1990-01-01","1990-01-01","300","2007-04-24"
"Walgreens - Golden Triangle","1990-01-01",,"1990-01-01","1990-01-01","1990-01-01","1990-01-01","1990-01-01","1990-01-01","1990-01-01","1990-01-01","300","2006-07-07"
"65 Meadow Ln","1990-01-01",,"1990-01-01","1990-01-01","1990-01-01","2006-07-07","1990-01-01","1990-01-01","1990-01-01","1990-01-01",,"1990-01-01"
"Jay Group - Stony Battery Corp Center","2006-10-24","19171","2006-11-27","2007-11-22","1990-01-01","1990-01-01","1990-01-01","1990-01-01","1990-01-01","1990-01-01","200","2006-11-27"
"Treztark II LTD (Stony Battery Commerce Ctr Ph 4)","1990-01-01",,"1990-01-01","1990-01-01","1990-01-01","1990-01-01","1990-01-01","1990-01-01","1990-01-01","1990-01-01","300","1990-01-01"
"Jay Group (Stony Battery Corp Center Lot 11)","1990-01-01",,"1990-01-01","1990-01-01","1990-01-01","1990-01-01","1990-01-01","1990-01-01","1990-01-01","1990-01-01",,"1990-01-01"
"Landale (formerly Landis Tract)","1990-01-01",,"1990-01-01","1990-01-01","2004-08-26","2004-08-06","1990-01-01","2004-08-06","2004-08-06","2004-08-26","2000","2004-08-06"
"Veranda Phase 2 and 3","2005-07-19","42572.55","2005-10-10","2006-08-01","2005-03-15","2005-07-19","1990-01-01","1990-01-01","2005-12-16","2005-03-24","3000","2005-03-15"
"Sunset Ridge 2  (formerly Crescent Ridge / Beiler)","2007-03-15","157630.00","2007-03-15","1990-01-01","2007-03-09","2007-03-08","1990-01-01","1990-01-01","2007-03-08","2007-03-22","3000.00","2007-03-08"
"Kissel Hill Commons - LOT #287 - Commercial","1990-01-01",,"1990-01-01","1990-01-01","1990-01-01","1990-01-01","1990-01-01","1990-01-01","1990-01-01","1990-01-01",,"1990-01-01"
"Triple H Construction","1990-01-01",,"1990-01-01","1990-01-01","1990-01-01","1990-01-01","1990-01-01","1990-01-01","1990-01-01","1990-01-01","200","1990-01-01"
"Manor Oaks Phase 1,2,3 and 3A","1990-01-01",,"1990-01-01","1990-01-01","1990-01-01","1990-01-01","1990-01-01","1990-01-01","1990-01-01","1990-01-01",,"1990-01-01"
"Veranda Phase 1","1990-01-01",,"1990-01-01","1990-01-01","2004-02-20","1990-01-01","2004-03-17","1990-01-01","1990-01-01","1990-01-01","4500.00","2004-02-20"
"Pappas-2 lots (Dorsea Rd & Springvalley Rd)","1990-01-01",,"1990-01-01","1990-01-01","1990-01-01","1990-01-01","1990-01-01","1990-01-01","1990-01-01","1990-01-01",,"1990-01-01"
"NGUYEN  Lot @ 1750 Sammar Rd","1990-01-01",,"1990-01-01","1990-01-01","1990-01-01","1990-01-01","1990-01-01","1990-01-01","1990-01-01","1990-01-01",,"1990-01-01"
"1896 Millersville Rd Subdivision","1990-01-01",,"1990-01-01","1990-01-01","1990-01-01","1990-01-01","1990-01-01","1990-01-01","1990-01-01","1990-01-01",,"1990-01-01"
"Fanelli, Gary - 12 Druid Circle lot","1990-01-01",,"1990-01-01","1990-01-01","1990-01-01","1990-01-01","1990-01-01","1990-01-01","1990-01-01","1990-01-01",,"1990-01-01"
"Murry South Centerville Road Walmart","1990-01-01",,"1990-01-01","1990-01-01","1990-01-01","1990-01-01","1990-01-01","1990-01-01","1990-01-01","1990-01-01",,"1990-01-01"
"Church of Jesus Christ of Latter-Day Saints","2010-04-22","24988.70","2010-05-13","1990-01-01","1990-01-01","2010-04-22","1990-01-01","1990-01-01","1990-01-01","1990-01-01","750.00","2010-03-12"
"Brod, Roy lot @70 Valley Rd.","1990-01-01",,"1990-01-01","1990-01-01","1990-01-01","1990-01-01","2007-06-25","1990-01-01","1990-01-01","1990-01-01","100.00","2006-09-13"
"Severn Tract","2006-01-06","7430","2005-01-06","1990-01-01","2006-01-06","2006-01-06","2006-01-06","1990-01-01","2006-01-06","2006-01-06","1000","2006-01-06"
"Parkfield - Phase 2","1990-01-01","332000","2007-01-17","2008-01-15","2006-11-03","2006-11-03","1990-01-01","2006-11-03","2006-11-03","2007-01-25","3500","2006-11-03"
"Bethel Commons","2007-03-12","51642","2007-04-19","1990-01-01","2007-03-12","2007-03-12","1990-01-01","2007-03-12","2007-03-12","2007-03-22","750","2007-03-12"
"3050 Yellow Goose Rd - Office","2006-11-21","5394.40","2006-11-21","1990-01-01","1990-01-01","1990-01-01","1990-01-01","1990-01-01","1990-01-01","1990-01-01","200","2006-11-01"
"Hempfield Crossing Phase 1 (formerly Wissler Tract","2007-12-03","131175","2008-01-30","1990-01-01","2008-01-30","2008-01-30","1990-01-01","2008-01-30","2008-01-30","2008-02-28","2000.00","2008-01-30"
"Blossom Hill Mennonite Church","1990-01-01",,"1990-01-01","1990-01-01","1990-01-01","1990-01-01","1990-01-01","1990-01-01","1990-01-01","1990-01-01","200.00","2007-04-17"
"DeGeorge lot @ 1790 State St.","1990-01-01",,"1990-01-01","1990-01-01","1990-01-01","1990-01-01","2006-11-20","1990-01-01","1990-01-01","1990-01-01",,"1990-01-01"
"DeGeorge lot @ 530 Garden Hill Lane","1990-01-01",,"1990-01-01","1990-01-01","1990-01-01","1990-01-01","2006-11-21","1990-01-01","1990-01-01","1990-01-01",,"1990-01-01"
"Fairway Drive Subdivision","1990-01-01",,"1990-01-01","1990-01-01","1990-01-01","1990-01-01","2007-01-12","1990-01-01","1990-01-01","1990-01-01",,"1990-01-01"
"Heisey, Michael - Apts @ 686 Bean Hill Rd.","1990-01-01",,"1990-01-01","1990-01-01","1990-01-01","1990-01-01","2006-12-18","1990-01-01","1990-01-01","1990-01-01",,"1990-01-01"
"1015 Wheaton Dr. lot","1990-01-01",,"1990-01-01","1990-01-01","1990-01-01","1990-01-01","2006-12-29","1990-01-01","1990-01-01","1990-01-01",,"1990-01-01"
"Tobacco Road Condos","1990-01-01",,"1990-01-01","1990-01-01","1990-01-01","1990-01-01","1990-01-01","1990-01-01","1990-01-01","1990-01-01","200.00","1990-01-01"
"Ruby Tuesday Inc.","1990-01-01",,"1990-01-01","1990-01-01","1990-01-01","1990-01-01","1990-01-01","1990-01-01","1990-01-01","1990-01-01","200.00","1990-01-01"
"Ritas Italian Ice","2007-10-12","5536.30","2007-10-15","1990-01-01","1990-01-01","1990-01-01","1990-01-01","1990-01-01","2007-04-02","1990-01-01","200.00","2007-10-15"
"Preserve at Silver Spring - Residential","1990-01-01",,"1990-01-01","1990-01-01","1990-01-01","1990-01-01","1990-01-01","1990-01-01","1990-01-01","1990-01-01",,"1990-01-01"
"Preserve at Silver Spring - Commercial","2008-11-12","159456.00","1990-01-01","1990-01-01","1990-01-01","2008-11-11","2008-11-24","2008-11-11","2008-11-11","1990-01-01","1500.00","1990-01-01"
"Broomell Residence (Spring Valley Rd.)","1990-01-01",,"1990-01-01","1990-01-01","1990-01-01","1990-01-01","2009-04-30","1990-01-01","1990-01-01","1990-01-01",,"1990-01-01"
"Imperial Homes - 2774 Kreider Rd.","1990-01-01",,"1990-01-01","1990-01-01","1990-01-01","1990-01-01","1990-01-01","1990-01-01","1990-01-01","1990-01-01",,"1990-01-01"
"Orthopedic Assoc - North Pointe","2006-12-05","5130.40","2006-12-05","1990-01-01","1990-01-01","1990-01-01","1990-01-01","1990-01-01","1990-01-01","1990-01-01",,"1990-01-01"
"Spring Haven","1990-01-01",,"1990-01-01","1990-01-01","1990-01-01","1990-01-01","1990-01-01","1990-01-01","1990-01-01","1990-01-01",,"1990-01-01"
"730 Eden Road Office Bldg.","2008-05-02","19718.00","2008-05-09","1990-01-01","1990-01-01","1990-01-01","2008-05-02","1990-01-01","1990-01-01","1990-01-01","300","2008-05-02"
"Calvary Church Expansion  (MHT)","2007-03-02","3740.00","2007-04-02","2009-03-30","1990-01-01","1990-01-01","1990-01-01","1990-01-01","1990-01-01","1990-01-01","200.00","2007-01-31"
"Bloomfield Village","2007-01-18","20394","1990-01-01","1990-01-01","1990-01-01","1990-01-01","1990-01-01","1990-01-01","1990-01-01","1990-01-01","500.00","2007-01-26"
"3816 Concordia Rd. (Dave Charles)","1990-01-01",,"1990-01-01","1990-01-01","1990-01-01","1990-01-01","2006-12-14","1990-01-01","1990-01-01","1990-01-01",,"1990-01-01"
"Mariani - Office Bldg - 501 Rohrerstown Rd.","1990-01-01",,"1990-01-01","1990-01-01","1990-01-01","1990-01-01","1990-01-01","1990-01-01","1990-01-01","1990-01-01",,"1990-01-01"
"Summit Hills - Portion of Phases 3 & 4","1990-01-01",,"1990-01-01","1990-01-01","1990-01-01","1990-01-01","1990-01-01","1990-01-01","1990-01-01","1990-01-01","3000.00","2007-11-26"
"F& M Athletic Field Restrooms","1990-01-01",,"1990-01-01","1990-01-01","1990-01-01","1990-01-01","2004-12-17","1990-01-01","1990-01-01","1990-01-01","200","2006-03-13"
"Apria Healthcare Facility","1990-01-01",,"1990-01-01","1990-01-01","1990-01-01","1990-01-01","1990-01-01","1990-01-01","1990-01-01","1990-01-01","200","2002-08-27"
"Autohouse of Lancaster","2010-05-07","25025.00","2010-06-02","1990-01-01","1990-01-01","1990-01-01","1990-01-01","1990-01-01","1990-01-01","1990-01-01","1500.00","2010-06-03"
"Binkley Ober 1501 Graystone Road","1990-01-01",,"1990-01-01","1990-01-01","1990-01-01","1990-01-01","1990-01-01","1990-01-01","1990-01-01","1990-01-01",,"1990-01-01"
"Stauffers of Kissel Hill  (Rohrerstown Rd)","1990-01-01",,"1990-01-01","1990-01-01","1990-01-01","2008-07-23","1990-01-01","1990-01-01","1990-01-01","1990-01-01","300.00","2008-07-23"
"Bent Creek","1990-01-01",,"1990-01-01","1990-01-01","1990-01-01","1990-01-01","1990-01-01","1990-01-01","1990-01-01","1990-01-01",,"1990-01-01"
"Brighton Residential","1990-01-01",,"1990-01-01","1990-01-01","1990-01-01","1990-01-01","1990-01-01","1990-01-01","1990-01-01","1990-01-01",,"1990-01-01"
"Chadwyck Estates","1990-01-01",,"1990-01-01","1990-01-01","1990-01-01","1990-01-01","1990-01-01","1990-01-01","1990-01-01","1990-01-01",,"1990-01-01"
"Kissel Hill Commons - LOT #287 - Residential","1990-01-01",,"1990-01-01","1990-01-01","1990-01-01","1990-01-01","1990-01-01","1990-01-01","1990-01-01","1990-01-01",,"1990-01-01"
"Laurel Pond (Milton Estates)","1990-01-01",,"1990-01-01","1990-01-01","1990-01-01","1990-01-01","1990-01-01","1990-01-01","1990-01-01","1990-01-01",,"1990-01-01"
"Mondamin Farm","1990-01-01",,"1990-01-01","1990-01-01","1990-01-01","1990-01-01","1990-01-01","1990-01-01","1990-01-01","1990-01-01",,"1990-01-01"
"Oldefield","1990-01-01",,"1990-01-01","1990-01-01","1990-01-01","1990-01-01","1990-01-01","1990-01-01","1990-01-01","1990-01-01",,"1990-01-01"
"Stonehenge","1990-01-01",,"1990-01-01","1990-01-01","1990-01-01","1990-01-01","1990-01-01","1990-01-01","1990-01-01","1990-01-01",,"1990-01-01"
"Wellesley Manor","1990-01-01",,"1990-01-01","1990-01-01","1990-01-01","1990-01-01","1990-01-01","1990-01-01","1990-01-01","1990-01-01",,"1990-01-01"
"Willowbend Estates","1990-01-01",,"1990-01-01","1990-01-01","1990-01-01","1990-01-01","1990-01-01","1990-01-01","1990-01-01","1990-01-01",,"1990-01-01"
"Golden Triangle Apartments","2005-12-01","58872.55","1990-01-01","1990-01-01","1990-01-01","1990-01-01","1990-01-01","2005-12-01","2005-12-01","1990-01-01",,"1990-01-01"
"Manheim Township High School","2006-02-21","319409.75","2006-04-10","1990-01-01","2006-02-13","1990-01-01","1990-01-01","2006-02-13","2006-02-13","2006-04-04","2500","2006-02-13"
"Sylvan Retreat Road Lots","2007-11-08","30000.00","2007-11-08","1990-01-01","2007-11-08","2007-11-08","2007-11-08","1990-01-01","1990-01-01","2007-11-15","1000.00","2007-11-08"
"Roseville Realty Co.","2009-05-04","46138.00","2009-04-24","1990-01-01","2009-04-24","2009-04-24","1990-01-01","1990-01-01","1990-01-01","2012-01-26","1000","2009-04-24"
"329 East New St. lot - Mountville","1990-01-01",,"1990-01-01","1990-01-01","1990-01-01","1990-01-01","2007-06-04","1990-01-01","1990-01-01","1990-01-01",,"1990-01-01"
"331 East New St. lot - Mountville","1990-01-01",,"1990-01-01","1990-01-01","1990-01-01","1990-01-01","2007-06-04","1990-01-01","1990-01-01","1990-01-01",,"1990-01-01"
"Stoltzfus, Benuel Subdivision - Farmdale Rd","1990-01-01",,"1990-01-01","1990-01-01","1990-01-01","1990-01-01","1990-01-01","1990-01-01","1990-01-01","1990-01-01",,"1990-01-01"
"Airport Industrial Park - Lot 33","2007-09-18","8206","2007-09-21","1990-01-01","1990-01-01","2007-09-18","2007-09-21","1990-01-01","1990-01-01","1990-01-01","300.00","2007-09-18"
"Lincoln West Apts - Temporary Trailers","1990-01-01",,"1990-01-01","1990-01-01","1990-01-01","1990-01-01","1990-01-01","1990-01-01","1990-01-01","1990-01-01",,"1990-01-01"
"Hempfield Hill Estates","1990-01-01",,"1990-01-01","1990-01-01","1990-01-01","1990-01-01","1990-01-01","1990-01-01","1990-01-01","1990-01-01",,"1990-01-01"
"Eshelman Trust Lot - 145 Weaver Rd","1990-01-01",,"1990-01-01","1990-01-01","1990-01-01","1990-01-01","2007-05-21","1990-01-01","1990-01-01","1990-01-01",,"1990-01-01"
"Hempfield Commons - Residential","2007-11-08","21252.00","2008-06-13","1990-01-01","1990-01-01","2008-06-24","1990-01-01","1990-01-01","2008-06-24","1990-01-01","300.00","2008-06-17"
"Fruitville Day Care Center","1990-01-01","2200.00","2007-08-16","1990-01-01","1990-01-01","1990-01-01","2007-09-25","1990-01-01","1990-01-01","1990-01-01","200.00","2007-08-16"
"Sarsen Drive","1990-01-01",,"1990-01-01","1990-01-01","1990-01-01","1990-01-01","1990-01-01","1990-01-01","1990-01-01","1990-01-01",,"1990-01-01"
"17 Roselawn Avenue","1990-01-01",,"1990-01-01","1990-01-01","1990-01-01","1990-01-01","2007-05-07","1990-01-01","1990-01-01","1990-01-01",,"1990-01-01"
"Hempfield Commons - Commercial","1990-01-01",,"1990-01-01","1990-01-01","1990-01-01","1990-01-01","1990-01-01","1990-01-01","1990-01-01","1990-01-01",,"1990-01-01"
"Tingley Lot - 781 Prospect Rd","1990-01-01",,"1990-01-01","1990-01-01","1990-01-01","1990-01-01","1990-01-01","1990-01-01","1990-01-01","1990-01-01",,"1990-01-01"
"Kissel Hill Commons - LOT #308 Community Bldg","2007-09-10","5211.25","2007-09-10","1990-01-01","1990-01-01","1990-01-01","2007-09-10","1990-01-01","1990-01-01","1990-01-01","200.00","2007-09-10"
"Kleine Property","1990-01-01",,"1990-01-01","1990-01-01","1990-01-01","1990-01-01","1990-01-01","1990-01-01","1990-01-01","1990-01-01",,"1990-01-01"
"1632 Temple Ave (Dave Charles lot)","1990-01-01",,"1990-01-01","1990-01-01","1990-01-01","1990-01-01","2012-05-03","1990-01-01","1990-01-01","1990-01-01",,"1990-01-01"
"Blank, John Lot @ 260 Lania Drive","1990-01-01",,"1990-01-01","1990-01-01","1990-01-01","1990-01-01","1990-01-01","1990-01-01","1990-01-01","1990-01-01",,"1990-01-01"
"Brethren Village - Covenant Crossing","2007-12-04","206640","2007-12-06","1990-01-01","1990-01-01","2007-11-28","1990-01-01","1990-01-01","2007-11-26","1990-01-01","1000.00","2007-11-26"
"3296 Marietta Ave (Carol A Wile)","1990-01-01",,"1990-01-01","1990-01-01","1990-01-01","1990-01-01","1990-01-01","1990-01-01","1990-01-01","1990-01-01",,"1990-01-01"
"Independence Residential","1990-01-01",,"1990-01-01","1990-01-01","1990-01-01","1990-01-01","1990-01-01","1990-01-01","1990-01-01","1990-01-01",,"1990-01-01"
"Independence Commercial","1990-01-01",,"1990-01-01","1990-01-01","1990-01-01","1990-01-01","1990-01-01","1990-01-01","1990-01-01","1990-01-01",,"1990-01-01"
"Bradford Run","1990-01-01","25740","2007-06-25","1990-01-01","1990-01-01","1990-01-01","1990-01-01","1990-01-01","1990-01-01","1990-01-01",,"1990-01-01"
"K & W Tire","1990-01-01",,"1990-01-01","1990-01-01","1990-01-01","1990-01-01","1990-01-01","1990-01-01","1990-01-01","1990-01-01",,"1990-01-01"
"LIFT INC","2007-10-12","62051.00","2007-10-26","1990-01-01","1990-01-01","1990-01-01","1990-01-01","1990-01-01","2007-11-26","1990-01-01","500.00","2007-11-26"
"64 Elizabeth St Landisville","1990-01-01",,"1990-01-01","1990-01-01","1990-01-01","1990-01-01","2007-08-17","1990-01-01","1990-01-01","1990-01-01",,"1990-01-01"
"Highland Presbyterian Church Add. & Renovations","1990-01-01",,"1990-01-01","1990-01-01","1990-01-01","1990-01-01","1990-01-01","1990-01-01","1990-01-01","1990-01-01",,"1990-01-01"
"Towne Centre at Wetherburn - Commercial","2007-10-11","43125.50","2007-10-26","1990-01-01","2007-10-11","2007-10-11","2007-10-25","2007-10-11","2007-10-11","2007-11-15","1000.00","2007-10-11"
"Moore Business Park","2010-09-14","46,277.00","1990-01-01","1990-01-01","2010-09-20","2010-09-20","1990-01-01","2010-09-16","2010-09-16","1990-01-01","700.00","2010-09-16"
"Sauder Tract Final Subdivision","1990-01-01","7851","1990-01-01","1990-01-01","1990-01-01","1990-01-01","2008-04-23","1990-01-01","1990-01-01","1990-01-01",,"1990-01-01"
"City of Lancaster Susquehanna WTP","1990-01-01","26840.00","2009-12-29","1990-01-01","1990-01-01","1990-01-01","1990-01-01","1990-01-01","1990-01-01","1990-01-01","2500.00","2010-01-22"
"Marietta Ave Apartments (Gehman)","2009-06-24","48428.60","2009-06-19","1990-01-01","1990-01-01","1990-01-01","2009-01-28","1990-01-01","2009-06-19","1990-01-01","300.00","2009-06-19"
"Crossings at Conestoga Creek (The)","1990-01-01",,"1990-01-01","1990-01-01","1990-01-01","1990-01-01","1990-01-01","1990-01-01","1990-01-01","1990-01-01",,"1990-01-01"
"Brekland Subdivision","1990-01-01",,"1990-01-01","1990-01-01","1990-01-01","1990-01-01","1990-01-01","1990-01-01","1990-01-01","1990-01-01",,"1990-01-01"
"Herr, Christopher @ 182 Buch Avenue","1990-01-01",,"1990-01-01","1990-01-01","1990-01-01","1990-01-01","1990-01-01","1990-01-01","1990-01-01","1990-01-01",,"1990-01-01"
"Brighton Commercial - Lot 87","2008-03-10","11770","2008-04-02","1990-01-01","2008-03-10","1990-01-01","1990-01-01","1990-01-01","2008-03-10","1990-01-01","500.00","2008-03-10"
"Woods Edge Phase 2 Section 4","2010-04-21","377001.35","1990-01-01","1990-01-01","2010-10-11","2010-10-11","1990-01-01","2010-10-11","2010-10-11","2010-10-28","2500.00","2010-10-11"
"Montessori Academy Additions","2008-07-09","3190.00","1990-01-01","1990-01-01","1990-01-01","1990-01-01","1990-01-01","1990-01-01","2008-07-17","1990-01-01","200.00","1990-01-01"
"Newell, Elizabeth 1676 New Holland Pike","1990-01-01",,"1990-01-01","1990-01-01","1990-01-01","1990-01-01","1990-01-01","1990-01-01","1990-01-01","1990-01-01",,"1990-01-01"
"CarMax Store #7233","2008-07-11","186032.00","2008-07-10","1990-01-01","2008-07-10","2008-07-09","2008-02-26","2008-07-10","2008-07-10","2008-07-24","1000.00","2008-07-10"
"Towne Centre at Wetherburn - Residential","1990-01-01",,"1990-01-01","1990-01-01","1990-01-01","1990-01-01","1990-01-01","1990-01-01","1990-01-01","1990-01-01",,"1990-01-01"
"2257 Lititz Pk Subdivision (Harris Tract)","2008-09-30","11578.00","1990-01-01","1990-01-01","1990-01-01","1990-01-01","1990-01-01","2008-09-04","2008-09-04","1990-01-01","300.00","2008-09-04"
"216 Ironstone Ridge Rd. Subdivision","1990-01-01",,"1990-01-01","1990-01-01","1990-01-01","1990-01-01","1990-01-01","1990-01-01","1990-01-01","1990-01-01",,"1990-01-01"
"3790 Marietta Avenue-David Kline 1 Lot Subdivision","1990-01-01",,"1990-01-01","1990-01-01","1990-01-01","1990-01-01","2008-08-26","1990-01-01","1990-01-01","1990-01-01",,"1990-01-01"
"Mennonite Home Renovations","1990-01-01",,"1990-01-01","1990-01-01","1990-01-01","1990-01-01","1990-01-01","1990-01-01","1990-01-01","1990-01-01",,"1990-01-01"
"Stonehenge Reserve PHASE 1","2009-08-07","406835.00","2010-04-07","1990-01-01","2010-03-26","2010-02-25","1990-01-01","2010-05-11","2010-05-11","2010-05-27","5000.00","2010-02-18"
"Park Plaza Hotel - Renovations","1990-01-01",,"1990-01-01","1990-01-01","1990-01-01","1990-01-01","1990-01-01","1990-01-01","1990-01-01","1990-01-01",,"1990-01-01"
"John R Shaeffer Inc (DBA Exxon Carwash)","1990-01-01",,"1990-01-01","1990-01-01","1990-01-01","1990-01-01","1990-01-01","1990-01-01","1990-01-01","1990-01-01","1000.00","2009-08-26"
"Springbrook Annex Subdivision","2009-04-16","28187.50","2009-04-22","2010-04-22","2009-04-20","2009-04-20","2009-05-22","2009-04-20","2009-04-20","2009-05-28","2000","2010-01-28"
"Haydn Manor Phase 1","2009-06-24","143110.00","2009-06-24","1990-01-01","2009-06-17","2009-06-17","1990-01-01","2009-06-17","2009-06-17","2009-06-25","3500.00","2009-06-25"
"Papetti Holding Co Tract","1990-01-01",,"1990-01-01","1990-01-01","1990-01-01","1990-01-01","1990-01-01","1990-01-01","1990-01-01","1990-01-01",,"1990-01-01"
"1111 Erbs Quarry Road (Paul Brown)","2008-02-25","23897.50","2008-02-29","1990-01-01","2008-02-29","2008-02-29","1990-01-01","2008-03-04","2008-03-04","2008-03-27","1000.00","2008-02-29"
"Hempfield Crossing Phase 2","2009-08-12","236912.50","2010-03-09","1990-01-01","2010-03-11","2010-03-09","1990-01-01","2010-03-09","2010-03-09","2010-03-25","1500.00","2010-03-09"
"Parkfield - Phase 3","2009-10-15","231770.00","2009-11-04","1990-01-01","2009-10-08","1990-01-01","1990-01-01","1990-01-01","1990-01-01","2009-11-19","2500.00","2009-10-08"
"Old Delp Road Drainage Improvements","1990-01-01",,"1990-01-01","1990-01-01","1990-01-01","1990-01-01","1990-01-01","1990-01-01","1990-01-01","1990-01-01",,"1990-01-01"
"Laurelfield","1990-01-01",,"1990-01-01","1990-01-01","1990-01-01","1990-01-01","1990-01-01","1990-01-01","1990-01-01","1990-01-01",,"1990-01-01"
"RLPS Architects Office Bldg","2008-10-24","79805.00","2011-11-21","1990-01-01","2011-09-21","2011-11-04","2008-10-22","2008-10-22","2008-10-22","2011-09-22","2000.00","2011-09-14"
"Nolt, Frank (lot @ 1023 Fruitville Pk)","1990-01-01",,"1990-01-01","1990-01-01","1990-01-01","1990-01-01","1990-01-01","1990-01-01","1990-01-01","1990-01-01",,"1990-01-01"
"Bucher Elementary School addition","2009-01-15","16500.00","2009-01-23","1990-01-01","1990-01-01","2009-01-15","1990-01-01","1990-01-01","1990-01-01","1990-01-01","500.00","2009-01-19"
"1219 Stevens St - from Septic to Sewer","1990-01-01",,"1990-01-01","1990-01-01","1990-01-01","1990-01-01","1990-01-01","1990-01-01","1990-01-01","1990-01-01",,"1990-01-01"
"Bent Creek Tennis Court / Pro Shop","1990-01-01",,"1990-01-01","1990-01-01","1990-01-01","1990-01-01","1990-01-01","1990-01-01","1990-01-01","1990-01-01",,"1990-01-01"
"Newcomer, Earl & Ruth Subdivision","1990-01-01",,"1990-01-01","1990-01-01","1990-01-01","1990-01-01","1990-01-01","1990-01-01","1990-01-01","1990-01-01",,"1990-01-01"
"Kline&#039s Services, Inc. - Office Building","1990-01-01",,"1990-01-01","1990-01-01","1990-01-01","1990-01-01","1990-01-01","1990-01-01","1990-01-01","1990-01-01",,"1990-01-01"
"Brethren Village Maintenance Bldg on east side","1990-01-01",,"1990-01-01","1990-01-01","1990-01-01","1990-01-01","1990-01-01","1990-01-01","1990-01-01","1990-01-01",,"1990-01-01"
"Cheswicke Towne Center - Commercial","1990-01-01",,"1990-01-01","1990-01-01","1990-01-01","1990-01-01","1990-01-01","1990-01-01","1990-01-01","1990-01-01",,"1990-01-01"
"Kline&#039s Services, Inc. - Food to Fuel Building","2008-09-15","21824.00","2008-09-19","1990-01-01","1990-01-01","1990-01-01","1990-01-01","1990-01-01","2008-09-08","1990-01-01","300.00","2008-09-02"
"Lancaster General Focused Expansion at Women & Babies Hospital","1990-01-01",,"1990-01-01","1990-01-01","1990-01-01","1990-01-01","1990-01-01","1990-01-01","2008-07-22","1990-01-01",,"1990-01-01"
"Hess 3868 Columbia Avenue - Residential","1990-01-01",,"1990-01-01","1990-01-01","1990-01-01","1990-01-01","1990-01-01","1990-01-01","1990-01-01","1990-01-01",,"1990-01-01"
"Worthington (Rockview) Subdivision - Commercial","1990-01-01",,"1990-01-01","1990-01-01","1990-01-01","1990-01-01","2008-02-06","1990-01-01","1990-01-01","1990-01-01",,"1990-01-01"
"Young, Steven & Jennifer","1990-01-01",,"1990-01-01","1990-01-01","1990-01-01","1990-01-01","1990-01-01","1990-01-01","1990-01-01","1990-01-01",,"1990-01-01"
"Dairy Road Site Subdivision","1990-01-01",,"1990-01-01","1990-01-01","1990-01-01","1990-01-01","1990-01-01","1990-01-01","1990-01-01","1990-01-01",,"1990-01-01"
"Penn Cinema Expansion","1990-01-01",,"1990-01-01","1990-01-01","1990-01-01","1990-01-01","1990-01-01","1990-01-01","1990-01-01","1990-01-01",,"1990-01-01"
"Cheswicke Towne Center - Residential","1990-01-01",,"1990-01-01","1990-01-01","1990-01-01","1990-01-01","1990-01-01","1990-01-01","1990-01-01","1990-01-01",,"1990-01-01"
"1573 Linden Ave Lot","1990-01-01",,"1990-01-01","1990-01-01","1990-01-01","2008-06-13","2008-06-13","1990-01-01","1990-01-01","1990-01-01",,"1990-01-01"
"Miller J.A. & W.N. Family Limited Partnership","1990-01-01",,"1990-01-01","1990-01-01","1990-01-01","1990-01-01","1990-01-01","1990-01-01","1990-01-01","1990-01-01",,"1990-01-01"
"Wheatland Federal Credit Union","1990-01-01",,"1990-01-01","1990-01-01","1990-01-01","1990-01-01","1990-01-01","1990-01-01","1990-01-01","1990-01-01","200.00","1990-01-01"
"Granite Run Town Center","1990-01-01",,"1990-01-01","1990-01-01","1990-01-01","1990-01-01","1990-01-01","1990-01-01","1990-01-01","1990-01-01",,"1990-01-01"
"Marietta Ave 2 Existing Dwellings to Connect (3212 & 3228 Marietta Ave)","1990-01-01",,"1990-01-01","1990-01-01","1990-01-01","1990-01-01","2011-04-25","1990-01-01","1990-01-01","1990-01-01","500.00","1990-01-01"
"141 Manor Church Rd & 2 Sparrow Ln","1990-01-01",,"1990-01-01","1990-01-01","2008-08-14","2008-08-14","2008-08-14","1990-01-01","1990-01-01","2008-08-28","1000.00","2008-08-14"
"Garber Scale & Calibration","2009-03-19","9504.66","2009-05-28","1990-01-01","1990-01-01","1990-01-01","1990-01-01","1990-01-01","1990-01-01","1990-01-01","300.00","2009-05-28"
"Overlook Park Golf Maintenance Bldg","1990-01-01",,"1990-01-01","1990-01-01","1990-01-01","1990-01-01","1990-01-01","1990-01-01","1990-01-01","1990-01-01",,"1990-01-01"
"Moove In Storage","1990-01-01",,"1990-01-01","1990-01-01","1990-01-01","1990-01-01","1990-01-01","1990-01-01","1990-01-01","1990-01-01",,"1990-01-01"
"Alpha Charlie Hangar","2008-09-29",,"1990-01-01","1990-01-01","1990-01-01","1990-01-01","1990-01-01","1990-01-01","1990-01-01","1990-01-01",,"1990-01-01"
"Norfolk Southern Dillerville Yard East @ F&M College","1990-01-01",,"1990-01-01","1990-01-01","1990-01-01","2013-07-16","2013-06-18","2013-07-16","2013-07-16","1990-01-01","3000.00","2013-03-27"
"The Village at Funk&#039s Farm - Residential","1990-01-01",,"1990-01-01","1990-01-01","1990-01-01","1990-01-01","1990-01-01","1990-01-01","1990-01-01","1990-01-01",,"1990-01-01"
"The Village at Funk&#039s Farm - Commercial","1990-01-01",,"1990-01-01","1990-01-01","1990-01-01","1990-01-01","1990-01-01","1990-01-01","1990-01-01","1990-01-01",,"1990-01-01"
"West Hempfield Fire & Rescue New Emergency Services Complex","2009-01-29","24,280.00","1990-01-01","1990-01-01","1990-01-01","1990-01-01","2009-02-12","1990-01-01","1990-01-01","1990-01-01","500.00","1990-01-01"
"Providence Heights","1990-01-01",,"1990-01-01","1990-01-01","1990-01-01","1990-01-01","1990-01-01","1990-01-01","1990-01-01","1990-01-01",,"1990-01-01"
"LCSWMA Parcel Remediation Temporary Sewer Connection","1990-01-01",,"1990-01-01","1990-01-01","1990-01-01","1990-01-01","1990-01-01","1990-01-01","1990-01-01","1990-01-01","3400.00","2009-01-22"
"Danz Property @ 311 E. Oregon Rd.","1990-01-01",,"1990-01-01","1990-01-01","1990-01-01","1990-01-01","2009-01-27","1990-01-01","1990-01-01","1990-01-01",,"1990-01-01"
"The Oaks II","1990-01-01",,"1990-01-01","1990-01-01","1990-01-01","1990-01-01","1990-01-01","1990-01-01","1990-01-01","1990-01-01","300.00","1990-01-01"
"Long, David @ 525 Koser Rd - Septic to Sewer","1990-01-01",,"1990-01-01","1990-01-01","1990-01-01","1990-01-01","2009-01-15","1990-01-01","1990-01-01","1990-01-01",,"1990-01-01"
"Manheim Township Library","1990-01-01",,"1990-01-01","1990-01-01","1990-01-01","1990-01-01","1990-01-01","1990-01-01","1990-01-01","1990-01-01",,"1990-01-01"
"Stauffer Park New Restroom Facility","1990-01-01",,"1990-01-01","1990-01-01","1990-01-01","1990-01-01","1990-01-01","1990-01-01","1990-01-01","1990-01-01",,"1990-01-01"
"2363 Oregon Pike","2010-01-29","184968.60","2010-03-03","1990-01-01","2010-01-22","2010-01-22","2009-06-04","2010-01-22","2010-01-22","2010-02-25","3500.00","2010-08-30"
"Lancaster Contact Lens Inc","1990-01-01",,"1990-01-01","1990-01-01","1990-01-01","1990-01-01","1990-01-01","1990-01-01","1990-01-01","1990-01-01",,"1990-01-01"
"Giant Food Store #39 @ Lancaster Shopping Center","2009-10-12","90000.00","2009-12-18","1990-01-01","1990-01-01","1990-01-01","2009-06-30","1990-01-01","1990-01-01","1990-01-01","2500.00","2010-03-26"
"Diller Tract 2009 aka Landon Way Commons","2011-01-18","94088.50","2011-01-26","1990-01-01","2011-01-14","2011-01-14","2010-06-21","2011-01-14","2011-01-14","2011-01-27","1000.00","2011-10-06"
"Prospect Ultra Wash","2009-08-24","22957.00","2009-08-27","1990-01-01","1990-01-01","2009-08-27","1990-01-01","1990-01-01","1990-01-01","1990-01-01","500.00","2009-08-27"
"D & B PROPERTIES","2010-03-17","9319.20","2010-03-29","1990-01-01","1990-01-01","1990-01-01","2010-03-12","1990-01-01","1990-01-01","1990-01-01","2000.00","2010-03-12"
"Landis Homes - South Campus","2009-10-01","226793.00","2010-07-19","1990-01-01","1990-01-01","2009-10-02","1990-01-01","2009-10-01","2009-10-01","1990-01-01","7500.00","2010-06-28"
"Celebrate Life Christian Church","1990-01-01",,"1990-01-01","1990-01-01","1990-01-01","1990-01-01","1990-01-01","1990-01-01","1990-01-01","1990-01-01","200.00","2009-02-18"
"Long Community at Highland Phase 1 Bldgs 2 & 3B","2010-09-15","145090.00","2010-10-15","1990-01-01","2010-10-15","2010-10-15","2010-10-15","2010-10-15","2010-10-15","2010-10-28","2200.00","2010-10-15"
"Crossway Church of Lancaster","2009-12-01","79750.00","2011-08-19","1990-01-01","1990-01-01","2011-09-02","2011-09-30","2011-09-02","2011-09-02","1990-01-01","1000.00","2009-06-15"
"Cox - Detached Garage Bathroom","1990-01-01",,"1990-01-01","1990-01-01","1990-01-01","1990-01-01","2009-04-17","1990-01-01","1990-01-01","1990-01-01",,"1990-01-01"
"Moore Business Park Existing Bldg Septic to Sewer","1990-01-01",,"1990-01-01","1990-01-01","1990-01-01","1990-01-01","1990-01-01","1990-01-01","1990-01-01","1990-01-01",,"1990-01-01"
"Shakespeare Enterprises Expansion","1990-01-01",,"1990-01-01","1990-01-01","1990-01-01","1990-01-01","1990-01-01","1990-01-01","1990-01-01","1990-01-01",,"1990-01-01"
"Village Commons","2009-07-16","9515.00","2009-07-28","1990-01-01","1990-01-01","1990-01-01","1990-01-01","1990-01-01","1990-01-01","1990-01-01","500.00","2009-07-28"
"Campus Plaza LLC","1990-01-01",,"1990-01-01","1990-01-01","1990-01-01","1990-01-01","1990-01-01","1990-01-01","1990-01-01","1990-01-01","500.00","2009-10-23"
"Mennonite Disaster Service","2010-03-17","87945.00","2010-03-29","1990-01-01","1990-01-01","1990-01-01","2009-12-01","1990-01-01","1990-01-01","1990-01-01","2000.00","2010-03-12"
"Country Manor Apartments","2010-03-16","123723.60","2010-03-15","1990-01-01","2010-03-15","2010-03-15","2010-03-15","2010-03-15","2010-03-15","2010-03-25","2900.00","2010-03-15"
"1500 Sunset Ave Lancaster Dave Costello Lot","1990-01-01",,"1990-01-01","1990-01-01","1990-01-01","1990-01-01","2009-08-14","1990-01-01","1990-01-01","1990-01-01",,"1990-01-01"
"Homestead Village Expansion","1990-01-01","89155.00","1990-01-01","1990-01-01","1990-01-01","1990-01-01","1990-01-01","1990-01-01","1990-01-01","1990-01-01","1500.00","1990-01-01"
"Centerville Square - Edward Jones Store","1990-01-01",,"1990-01-01","1990-01-01","1990-01-01","1990-01-01","1990-01-01","1990-01-01","1990-01-01","1990-01-01","200.00","2009-08-12"
"Brethren Village Business Center Lot 2","1990-01-01",,"1990-01-01","1990-01-01","1990-01-01","1990-01-01","1990-01-01","1990-01-01","1990-01-01","1990-01-01",,"1990-01-01"
"Stadel Volvo expansion","1990-01-01",,"1990-01-01","1990-01-01","1990-01-01","1990-01-01","1990-01-01","1990-01-01","1990-01-01","1990-01-01","500.00","2010-04-07"
"Golden Meadows Park","2009-12-09","13732.40","2010-01-14","1990-01-01","1990-01-01","1990-01-01","1990-01-01","1990-01-01","1990-01-01","1990-01-01","750.00","2010-01-14"
"Luong Residence - Hess Blvd.","1990-01-01",,"1990-01-01","1990-01-01","1990-01-01","2009-10-07","2009-10-12","1990-01-01","1990-01-01","1990-01-01",,"1990-01-01"
"26 Hess Blvd - Dave Costello lot","1990-01-01",,"1990-01-01","1990-01-01","1990-01-01","1990-01-01","2009-09-01","1990-01-01","1990-01-01","1990-01-01",,"1990-01-01"
"Eden Resort Inn & Suites - Club Suite #6","1990-01-01","1694.00","2009-10-26","1990-01-01","1990-01-01","1990-01-01","1990-01-01","1990-01-01","1990-01-01","1990-01-01",,"1990-01-01"
"Ponessa Medical Massage Center","2010-01-18","4895.00","2010-04-16","1990-01-01","1990-01-01","1990-01-01","1990-01-01","1990-01-01","1990-01-01","1990-01-01","500.00","2010-02-11"
"Lancaster Toyota Mazda Subdivision","1990-01-01",,"1990-01-01","1990-01-01","1990-01-01","1990-01-01","1990-01-01","1990-01-01","1990-01-01","1990-01-01",,"1990-01-01"
"Central Manor Elementary School additions","2010-06-07","7162.00","2010-07-12","1990-01-01","1990-01-01","1990-01-01","1990-01-01","1990-01-01","1990-01-01","1990-01-01","1000.00","2010-06-01"
"Fulton Bank at Granite Run - Demo & Rebuild","2010-09-15","34045.00","2010-09-23","1990-01-01","1990-01-01","2010-09-14","1990-01-01","1990-01-01","1990-01-01","1990-01-01","3000.00","2010-09-14"
"Hogan & Herr Bldrs / 152 Buch Ave Lot Subdivide","1990-01-01",,"1990-01-01","1990-01-01","1990-01-01","2013-05-29","2013-05-09","1990-01-01","2010-05-17","1990-01-01","200.00","2013-05-09"
"638 Bean Hill Rd Lot - Kauffman","1990-01-01",,"1990-01-01","1990-01-01","1990-01-01","1990-01-01","1990-01-01","1990-01-01","1990-01-01","1990-01-01",,"1990-01-01"
"Dunkin Donuts - East Petersburg","2009-12-29","2750.00","1990-01-01","1990-01-01","1990-01-01","1990-01-01","1990-01-01","1990-01-01","1990-01-01","1990-01-01","400.00","2009-12-28"
"Grandview Subdivision Phase 1","2013-01-15","159580","2013-01-10","1990-01-01","2013-01-10","2013-01-10","2013-01-10","2013-01-10","2013-01-10","2013-01-24","2500.00","2012-01-20"
"Millers Greenhouses - Septic to Sewer","1990-01-01",,"1990-01-01","1990-01-01","1990-01-01","1990-01-01","2010-01-04","1990-01-01","1990-01-01","1990-01-01",,"1990-01-01"
"Integrity Bank - 1683 Oregon Pike Site","2010-05-20","2640.00","2010-06-07","1990-01-01","1990-01-01","1990-01-01","1990-01-01","1990-01-01","2010-05-18","1990-01-01","1000.00","2010-05-18"
"Snyder Funeral Home - Building Expansion","2010-02-12","7865.00","2010-03-12","1990-01-01","1990-01-01","1990-01-01","1990-01-01","1990-01-01","1990-01-01","1990-01-01","500.00","2010-04-09"
"Diener Lot - 12 Spruce Rd Mountville","1990-01-01",,"1990-01-01","1990-01-01","1990-01-01","1990-01-01","2010-02-02","1990-01-01","1990-01-01","1990-01-01",,"1990-01-01"
"State Farm Office Bldg Expansion","1990-01-01",,"1990-01-01","1990-01-01","1990-01-01","1990-01-01","1990-01-01","1990-01-01","1990-01-01","1990-01-01",,"1990-01-01"
"Secker, Andrew property","2010-03-17","9545.80","2010-03-29","1990-01-01","1990-01-01","1990-01-01","2010-03-12","1990-01-01","1990-01-01","1990-01-01","2000.00","2010-03-12"
"Spring Haven - New Plan 2010","2010-09-14","250000.00","2010-09-15","1990-01-01","2010-09-15","2010-09-10","2010-09-10","2010-09-10","2010-09-10","2010-09-23","2500.00","2010-09-10"
"Integrity Gas Station @ existing car wash","2010-05-07","8037.70","2010-06-16","1990-01-01","1990-01-01","1990-01-01","1990-01-01","1990-01-01","1990-01-01","1990-01-01","2000.00","2010-06-16"
"Integrity Bank @ existing gas station","2010-05-07","7700.00","2010-06-16","1990-01-01","1990-01-01","1990-01-01","1990-01-01","1990-01-01","1990-01-01","1990-01-01","2000.00","2010-06-16"
"Manheim Twp School District Landis Run Intermediate School (formerly called 5&6 grade bldg)","2010-10-12","166760.00","2010-12-27","1990-01-01","1990-01-01","2010-12-27","1990-01-01","2010-12-27","2010-12-27","1990-01-01","7000.00","2010-12-27"
"Burkkolder, Al - 707 Petersburg Rd - Septic to Sewer","1990-01-01",,"1990-01-01","1990-01-01","1990-01-01","2010-07-19","1990-01-01","1990-01-01","1990-01-01","1990-01-01","300.00","1990-01-01"
"Metro Bank Airport Rd c/o Brethren Village","1990-01-01",,"1990-01-01","1990-01-01","1990-01-01","1990-01-01","1990-01-01","1990-01-01","1990-01-01","1990-01-01",,"1990-01-01"
"Penn Cinema Management Co. - Addition-IMAX","2010-07-09","48590.30","2010-07-09","1990-01-01","1990-01-01","1990-01-01","1990-01-01","1990-01-01","2010-05-17","1990-01-01","750.00","1990-01-01"
"Brooklawn Subdivision - PHASE 1","2012-12-19","127543.00","2013-01-11","1990-01-01","2013-01-11","2013-01-11","1990-01-01","2013-01-11","2013-01-11","2013-01-24","2500.00","2013-01-11"
"Forrys Country Store Expansion","1990-01-01",,"1990-01-01","1990-01-01","1990-01-01","1990-01-01","1990-01-01","1990-01-01","1990-01-01","1990-01-01",,"1990-01-01"
"Elmwood Partners Ltd Subdivision","1990-01-01",,"1990-01-01","1990-01-01","1990-01-01","1990-01-01","1990-01-01","1990-01-01","1990-01-01","1990-01-01",,"1990-01-01"
"1514 Sunset Ave Lancaster Lot Hogan Residential","1990-01-01",,"1990-01-01","1990-01-01","1990-01-01","1990-01-01","2010-04-06","1990-01-01","1990-01-01","1990-01-01",,"1990-01-01"
"Goss, Jeff 1717 Marietta Ave Septic to Sewer","1990-01-01",,"1990-01-01","1990-01-01","1990-01-01","1990-01-01","2010-04-07","1990-01-01","1990-01-01","1990-01-01",,"1990-01-01"
"Summit Hills Lot 153 Section 4 Revised","1990-01-01",,"1990-01-01","1990-01-01","1990-01-01","1990-01-01","1990-01-01","1990-01-01","1990-01-01","1990-01-01",,"1990-01-01"
"Diffenderfer Family Trust 3558-3560 Marietta Ave Apts - septic to sewer","1990-01-01",,"1990-01-01","1990-01-01","1990-01-01","1990-01-01","1990-01-01","1990-01-01","1990-01-01","1990-01-01","0.00","1990-01-01"
"Faulkner BMW","2010-07-27","10450.00","2010-10-13","1990-01-01","1990-01-01","1990-01-01","1990-01-01","1990-01-01","1990-01-01","1990-01-01","750.00","2010-08-10"
"Yellow Freight Site - Rohrerstown Rd","1990-01-01",,"1990-01-01","1990-01-01","1990-01-01","2010-06-04","1990-01-01","1990-01-01","1990-01-01","1990-01-01","200.00","2010-06-04"
"St. Anne&#039s Retirement Community","1990-01-01",,"1990-01-01","1990-01-01","1990-01-01","1990-01-01","1990-01-01","1990-01-01","1990-01-01","1990-01-01",,"1990-01-01"
"Kleinsasser Subdivision - 1164 Erbs Quarry Rd","1990-01-01",,"1990-01-01","1990-01-01","1990-01-01","1990-01-01","1990-01-01","1990-01-01","1990-01-01","1990-01-01","100.00","1990-01-01"
"Kline&#039s Services, Inc. -  Office Relocation","1990-01-01",,"1990-01-01","1990-01-01","1990-01-01","1990-01-01","1990-01-01","1990-01-01","1990-01-01","1990-01-01","775.00","2010-06-24"
"Sycamore Builders - lot @ 915 Shreiner Ave","1990-01-01",,"1990-01-01","1990-01-01","1990-01-01","1990-01-01","1990-01-01","1990-01-01","1990-01-01","1990-01-01","0.00","1990-01-01"
"351 Richardson LP Site Improvements","2010-10-07","3850.00","1990-01-01","1990-01-01","1990-01-01","1990-01-01","1990-01-01","1990-01-01","1990-01-01","1990-01-01","500.00","2010-10-04"
"391 Apple Lane Lot","1990-01-01",,"1990-01-01","1990-01-01","1990-01-01","1990-01-01","1990-01-01","1990-01-01","1990-01-01","1990-01-01","700.00","2010-10-21"
"Millwood Homes lot @ 2323 Louxmont Dr","1990-01-01",,"1990-01-01","1990-01-01","1990-01-01","1990-01-01","2010-07-30","1990-01-01","1990-01-01","1990-01-01","0.00","1990-01-01"
"Millwood Homes lot @ 50 Ginko Ct","1990-01-01",,"1990-01-01","1990-01-01","1990-01-01","1990-01-01","2010-08-27","1990-01-01","1990-01-01","1990-01-01",,"1990-01-01"
"PPL Lancaster Washbay Addition","1990-01-01",,"1990-01-01","1990-01-01","1990-01-01","1990-01-01","1990-01-01","1990-01-01","1990-01-01","1990-01-01",,"1990-01-01"
"Veranda Phase 4","2011-01-18","240325.00","2011-02-24","1990-01-01","2011-02-09","2011-02-09","1990-01-01","2011-02-09","2011-02-09","2011-02-24","2000.00","2011-02-09"
"Rybner, Jacob Lot @ 231 Old Delp Rd","1990-01-01",,"1990-01-01","1990-01-01","1990-01-01","1990-01-01","2011-03-10","1990-01-01","1990-01-01","1990-01-01",,"1990-01-01"
"Five Guys - Centerville Shopping Ctr","1990-01-01",,"1990-01-01","1990-01-01","1990-01-01","1990-01-01","1990-01-01","1990-01-01","1990-01-01","1990-01-01",,"1990-01-01"
"Root&#039s Country Market & Auction, Inc.","1990-01-01",,"1990-01-01","1990-01-01","1990-01-01","1990-01-01","1990-01-01","1990-01-01","1990-01-01","1990-01-01",,"1990-01-01"
"Letort Manor & Perth Hills Permitting","1990-01-01",,"1990-01-01","1990-01-01","1990-01-01","1990-01-01","1990-01-01","1990-01-01","1990-01-01","1990-01-01",,"1990-01-01"
"Belfiglio Subdivision","1990-01-01",,"1990-01-01","1990-01-01","1990-01-01","1990-01-01","1990-01-01","1990-01-01","1990-01-01","1990-01-01",,"1990-01-01"
"Charlotte St Single Lot","1990-01-01",,"1990-01-01","1990-01-01","1990-01-01","1990-01-01","1990-01-01","1990-01-01","1990-01-01","1990-01-01",,"1990-01-01"
"Charlotte St Subdivision","1990-01-01",,"1990-01-01","1990-01-01","1990-01-01","2013-07-24","2013-07-24","2013-07-24","2013-07-24","1990-01-01","500.00","1990-01-01"
"Manor Township CROSSGATES Permitting NOT LASA OWNED","1990-01-01",,"1990-01-01","1990-01-01","1990-01-01","1990-01-01","1990-01-01","1990-01-01","1990-01-01","1990-01-01",,"1990-01-01"
"Lancaster Bible College North Campus PHASE 2A","1990-01-01",,"1990-01-01","1990-01-01","1990-01-01","1990-01-01","1990-01-01","1990-01-01","1990-01-01","1990-01-01","700.00","2011-02-09"
"Hempfield School District Farmdale School Redo","2012-04-04","90395.50","2012-04-17","1990-01-01","1990-01-01","2012-04-20","1990-01-01","1990-01-01","1990-01-01","1990-01-01","2500.00","2012-04-17"
"Hempfield School District Landisville Intermediate Center - NEW","2011-06-14","103317.50","2011-07-11","1990-01-01","1990-01-01","1990-01-01","2011-05-25","1990-01-01","1990-01-01","1990-01-01","2000.00","2011-06-16"
"Diffenderfer Family Trust Subdivision","1990-01-01",,"1990-01-01","1990-01-01","1990-01-01","1990-01-01","1990-01-01","1990-01-01","1990-01-01","1990-01-01",,"1990-01-01"
"Lancaster County Morgue","2011-09-20","15180.00","2011-11-29","1990-01-01","1990-01-01","1990-01-01","1990-01-01","1990-01-01","1990-01-01","1990-01-01","500.00","2011-08-01"
"Heagy Inc. Richard - Warehouse Expansion","1990-01-01",,"1990-01-01","1990-01-01","1990-01-01","1990-01-01","1990-01-01","1990-01-01","1990-01-01","1990-01-01",,"1990-01-01"
"Genesys Controls","1990-01-01",,"1990-01-01","1990-01-01","1990-01-01","1990-01-01","1990-01-01","1990-01-01","1990-01-01","1990-01-01",,"1990-01-01"
"2714 Brookfield Rd Lot","1990-01-01",,"1990-01-01","1990-01-01","1990-01-01","1990-01-01","2011-04-13","1990-01-01","1990-01-01","1990-01-01",,"1990-01-01"
"Lancaster Toyota New Service Center","2011-06-27","7154.40","2011-07-20","1990-01-01","1990-01-01","2011-07-21","1990-01-01","1990-01-01","1990-01-01","1990-01-01","500.00","2011-06-24"
"Oral and Maxillofacial Surgery Renovation","1990-01-01",,"1990-01-01","1990-01-01","1990-01-01","1990-01-01","1990-01-01","1990-01-01","1990-01-01","1990-01-01","500.00","2011-07-11"
"Superior Homes - 1731 Temple Ave Lot","1990-01-01",,"1990-01-01","1990-01-01","1990-01-01","1990-01-01","2011-04-21","1990-01-01","1990-01-01","1990-01-01",,"1990-01-01"
"Wenger&#039s Construction 156 Stony Battery Rd lot","1990-01-01",,"1990-01-01","1990-01-01","1990-01-01","1990-01-01","2011-05-06","1990-01-01","1990-01-01","1990-01-01",,"1990-01-01"
"Clutch & Go Automatic Transmissions","1990-01-01",,"1990-01-01","1990-01-01","1990-01-01","1990-01-01","1990-01-01","1990-01-01","1990-01-01","1990-01-01","750.00","1990-01-01"
"630 Valley Road","1990-01-01",,"1990-01-01","1990-01-01","1990-01-01","1990-01-01","1990-01-01","1990-01-01","1990-01-01","1990-01-01",,"1990-01-01"
"LGH - Ann B Barshinger Cancer Center","1990-01-01","102811.50","2011-10-12","1990-01-01","1990-01-01","1990-01-01","1990-01-01","1990-01-01","1990-01-01","1990-01-01","3000.00","2012-08-06"
"5922 Pine St rear","1990-01-01",,"1990-01-01","1990-01-01","1990-01-01","1990-01-01","2011-06-21","1990-01-01","1990-01-01","1990-01-01","0.00","1990-01-01"
"Adorers of the Blood of Christ US Region","1990-01-01",,"1990-01-01","1990-01-01","1990-01-01","1990-01-01","1990-01-01","1990-01-01","1990-01-01","1990-01-01",,"1990-01-01"
"Southern Village Phase 3A","2011-08-15","142329.00","2011-09-27","1990-01-01","2011-09-16","2011-09-06","1990-01-01","2011-09-06","2011-09-06","2011-10-27","1500.00","2011-08-30"
"Cedar Oregon Pike LLC","1990-01-01","57469.50","2012-05-29","1990-01-01","2011-10-04","2012-05-23","2011-11-02","2011-10-04","2011-10-04","2012-05-24","1000.00","2011-10-04"
"Stonehenge Reserve PHASE 2","2011-10-12","502662.50","2011-11-15","2013-11-13","2011-11-22","2011-11-16","1990-01-01","2011-11-16","2011-11-16","2011-11-23","4000.00","2011-11-16"
"Richter Precision Inc.","1990-01-01",,"1990-01-01","1990-01-01","1990-01-01","1990-01-01","1990-01-01","1990-01-01","1990-01-01","1990-01-01","800.00","2011-09-16"
"Blackford Development - 4010 & 4015 Columbia Ave","1990-01-01",,"1990-01-01","1990-01-01","1990-01-01","1990-01-01","1990-01-01","1990-01-01","1990-01-01","1990-01-01",,"1990-01-01"
"Members 1st Federal Credit Union","2012-03-27","7700.68","2012-03-27","1990-01-01","1990-01-01","1990-01-01","1990-01-01","1990-01-01","1990-01-01","1990-01-01",,"1990-01-01"
"Long Community at Highland Phase 2","1990-01-01",,"1990-01-01","1990-01-01","1990-01-01","1990-01-01","1990-01-01","1990-01-01","1990-01-01","1990-01-01","1000.00","2011-08-30"
"Torchia, Michael sewer extension (Old Blue Rock Rd)","2012-02-24","20961.00","2012-04-02","1990-01-01","2012-04-11","2012-04-11","2011-09-14","1990-01-01","1990-01-01","2012-04-26","1500.00","2012-04-10"
"5100 Main Realty Subdivision Lot 1 and 2","2011-11-29","123255.00","2012-01-12","1990-01-01","1990-01-01","2012-06-15","1990-01-01","1990-01-01","1990-01-01","1990-01-01","1500.00","2012-06-15"
"66 Keller Avenue Expansion","1990-01-01",,"1990-01-01","1990-01-01","1990-01-01","1990-01-01","1990-01-01","1990-01-01","1990-01-01","1990-01-01","300.00","2011-09-15"
"Landis Trucking Expansion","1990-01-01",,"1990-01-01","1990-01-01","1990-01-01","1990-01-01","1990-01-01","1990-01-01","1990-01-01","1990-01-01",,"1990-01-01"
"Hempfield School District  New East Petersburg Elementary","2012-04-02","56770.45","2012-04-17","1990-01-01","1990-01-01","2012-04-17","2012-04-20","2012-03-29","2012-04-02","1990-01-01","2500.00","2012-04-17"
"Manheim Twp School Dist - Blue Streak Pavillion Facilities","1990-01-01",,"1990-01-01","1990-01-01","1990-01-01","1990-01-01","1990-01-01","1990-01-01","1990-01-01","1990-01-01",,"1990-01-01"
"Hess Tract","1990-01-01",,"1990-01-01","1990-01-01","1990-01-01","1990-01-01","1990-01-01","1990-01-01","1990-01-01","1990-01-01",,"1990-01-01"
"1989 Sterling Place Lot","1990-01-01",,"1990-01-01","1990-01-01","1990-01-01","1990-01-01","2011-11-03","1990-01-01","1990-01-01","1990-01-01",,"1990-01-01"
"State Road Commerce Park","1990-01-01",,"1990-01-01","1990-01-01","1990-01-01","1990-01-01","1990-01-01","1990-01-01","1990-01-01","1990-01-01",,"1990-01-01"
"Y & S Candies Inc - Expansion","1990-01-01",,"1990-01-01","1990-01-01","1990-01-01","1990-01-01","1990-01-01","1990-01-01","1990-01-01","1990-01-01",,"1990-01-01"
"Long Community at Highland Phase 3","1990-01-01",,"1990-01-01","1990-01-01","1990-01-01","1990-01-01","1990-01-01","1990-01-01","1990-01-01","1990-01-01",,"1990-01-01"
"1556 Euclid Dr Lancaster Dave Costello Lot","1990-01-01",,"1990-01-01","1990-01-01","1990-01-01","1990-01-01","1990-01-01","1990-01-01","1990-01-01","1990-01-01","0.00","1990-01-01"
"231 Hess Blvd Lancaster Dave Costello Lot","1990-01-01",,"1990-01-01","1990-01-01","1990-01-01","1990-01-01","1990-01-01","1990-01-01","1990-01-01","1990-01-01","0.00","1990-01-01"
"176 Chestnut St Jay Smith Lot","1990-01-01",,"1990-01-01","1990-01-01","1990-01-01","1990-01-01","2011-10-25","1990-01-01","1990-01-01","1990-01-01","0.00","1990-01-01"
"Historic Stoner House","1990-01-01",,"1990-01-01","1990-01-01","1990-01-01","1990-01-01","1990-01-01","1990-01-01","1990-01-01","1990-01-01",,"1990-01-01"
"CVS/ Centerville Square Expansion","2013-01-03","14531.00","2013-01-24","1990-01-01","1990-01-01","1990-01-01","1990-01-01","1990-01-01","1990-01-01","1990-01-01","2000.00","2013-05-03"
"Westminster Presbyterian Church - Connection Relocate","1990-01-01",,"1990-01-01","1990-01-01","1990-01-01","2012-02-09","1990-01-01","1990-01-01","1990-01-01","1990-01-01",,"1990-01-01"
"Norton, Jim L. II properties 2834 and 2910 Columbia Ave","1990-01-01",,"1990-01-01","1990-01-01","1990-01-01","1990-01-01","1990-01-01","1990-01-01","1990-01-01","1990-01-01",,"1990-01-01"
"2791 Southwick Dr. - Jon Warner Homes lot","2012-05-21","5486.00","2013-03-25","1990-01-01","1990-01-01","2014-06-02","1990-01-01","1990-01-01","1990-01-01","1990-01-01",,"1990-01-01"
"Kauffman, Ben E & Robin M Subdivision","1990-01-01",,"1990-01-01","1990-01-01","1990-01-01","2013-07-05","2013-06-03","1990-01-01","1990-01-01","1990-01-01","1000.00","1990-01-01"
"Grace United Methodist Church","1990-01-01",,"1990-01-01","1990-01-01","1990-01-01","1990-01-01","1990-01-01","1990-01-01","1990-01-01","1990-01-01","500.00","2012-06-12"
"1500 Stony Battery Rd - Convert to Apartments","1990-01-01",,"1990-01-01","1990-01-01","1990-01-01","1990-01-01","1990-01-01","1990-01-01","1990-01-01","1990-01-01",,"1990-01-01"
"E. R. Martin School Rebuild - Honeysuckle Force Main","2012-04-30","29084.00","2012-06-06","1990-01-01","2013-01-21","2012-10-22","1990-01-01","1990-01-01","1990-01-01","2013-01-24","2000.00","2012-10-22"
"Paccar Inc. Expansion","1990-01-01",,"1990-01-01","1990-01-01","1990-01-01","1990-01-01","1990-01-01","1990-01-01","1990-01-01","1990-01-01",,"1990-01-01"
"Enterprise Rent-A-Car Washbay Addition","1990-01-01",,"1990-01-01","1990-01-01","1990-01-01","1990-01-01","1990-01-01","1990-01-01","1990-01-01","1990-01-01","750.00","2012-06-19"
"Sheetz Inc - 4010 Columbia Avenue","2014-05-06","54048.50","2014-05-30","1990-01-01","1990-01-01","1990-01-01","1990-01-01","1990-01-01","2014-05-21","1990-01-01","1500.00","2014-04-21"
"Milton Estates","1990-01-01",,"1990-01-01","1990-01-01","1990-01-01","1990-01-01","1990-01-01","1990-01-01","1990-01-01","1990-01-01",,"1990-01-01"
"122 Fordney Road- Jay Stoltzfus","1990-01-01",,"1990-01-01","1990-01-01","1990-01-01","1990-01-01","1990-01-01","1990-01-01","1990-01-01","1990-01-01","1000.00","2012-05-30"
"Sylvan View Phase 1","2012-11-27","229011.92","2013-02-08","1990-01-01","2013-02-05","2013-02-05","1990-01-01","2013-02-05","2013-02-05","2013-02-28","4500.00","2013-02-05"
"Hambright Elementary School","1990-01-01",,"1990-01-01","1990-01-01","1990-01-01","2013-05-17","1990-01-01","1990-01-01","1990-01-01","1990-01-01","1500.00","2013-05-17"
"Autohaus Lancaster - Porsche Showroom","1990-01-01",,"1990-01-01","1990-01-01","1990-01-01","1990-01-01","1990-01-01","1990-01-01","1990-01-01","1990-01-01",,"1990-01-01"
"Blessed John XXII Religious Education Center","2013-04-09","23298.00","2013-06-19","1990-01-01","1990-01-01","2013-06-17","1990-01-01","1990-01-01","1990-01-01","1990-01-01","2500.00","2013-06-17"
"Calvary Fellowship Homes Lot Consolidation","2013-01-29","25305.00","2013-01-14","1990-01-01","2013-01-25","1990-01-01","1990-01-01","1990-01-01","2013-01-25","2013-02-28","1500.00","2013-02-04"
"Hunger-N-Thirst","2012-08-13","10478.00","2012-08-22","1990-01-01","1990-01-01","2012-08-22","2012-08-22","1990-01-01","1990-01-01","1990-01-01","500.00","2012-08-22"
"Stone House Place","2013-02-19","41442.50","2013-03-21","1990-01-01","2013-03-11","2013-03-11","1990-01-01","2013-03-11","2013-03-11","2013-03-28","1100.00","2013-03-11"
"Fern Hill Ventures LP - 601 S. Sixteenth St.","2012-12-04","7546.00","2012-12-11","1990-01-01","1990-01-01","1990-01-01","1990-01-01","1990-01-01","1990-01-01","1990-01-01","1000.00","2012-12-04"
"Alcoa/ Alumax Mill Products Truck Scale","1990-01-01",,"1990-01-01","1990-01-01","1990-01-01","1990-01-01","1990-01-01","1990-01-01","1990-01-01","1990-01-01","1000.00","2013-01-04"
"Rutter&#039s Farm Store #23 - US 30 & Stony Battery Rd","2013-02-18","15482.50","2013-03-05","1990-01-01","1990-01-01","2013-03-05","2013-03-05","1990-01-01","1990-01-01","1990-01-01","1500.00","2013-03-05"
"Overlook Town Center - mixed use - Commercial","2013-05-06","200915.00","2013-06-11","1990-01-01","2013-06-11","2013-06-11","2013-06-11","2013-06-11","2013-06-11","2013-06-27","2500.00","2013-06-11"
"Overlook Town Center - mixed use - Residential","1990-01-01",,"1990-01-01","1990-01-01","1990-01-01","1990-01-01","1990-01-01","1990-01-01","1990-01-01","1990-01-01",,"1990-01-01"
"Landis Valley Sewer Extension Permitting","1990-01-01",,"1990-01-01","1990-01-01","1990-01-01","1990-01-01","1990-01-01","1990-01-01","1990-01-01","1990-01-01",,"1990-01-01"
"141 Sunrise Ave - Kenneth Homes lot","1990-01-01",,"1990-01-01","1990-01-01","1990-01-01","1990-01-01","2012-11-16","1990-01-01","1990-01-01","1990-01-01",,"1990-01-01"
"Regency Square Lot 19","2013-01-04","10120.00","2013-02-18","1990-01-01","1990-01-01","1990-01-01","1990-01-01","1990-01-01","1990-01-01","1990-01-01","750.00","2013-02-21"
"340 Roseville Road West","2012-12-11","8470.00","2012-12-19","1990-01-01","1990-01-01","2012-12-19","2012-12-19","1990-01-01","1990-01-01","1990-01-01","750.00","2012-12-20"
"Landis Farm","1990-01-01",,"1990-01-01","1990-01-01","1990-01-01","1990-01-01","1990-01-01","1990-01-01","1990-01-01","1990-01-01",,"1990-01-01"
"David Charles Tract subdivision in Manor Twp","2013-04-09","2666.40","2013-04-09","2014-03-29","1990-01-01","2013-03-28","1990-01-01","1990-01-01","1990-01-01","1990-01-01","1500.00","1990-01-01"
"Echo Valley Ln Lot","1990-01-01",,"1990-01-01","1990-01-01","1990-01-01","1990-01-01","1990-01-01","1990-01-01","1990-01-01","1990-01-01",,"1990-01-01"
"Spooky Nook Sports","1990-01-01",,"1990-01-01","1990-01-01","1990-01-01","1990-01-01","1990-01-01","1990-01-01","1990-01-01","1990-01-01","2000.00","2013-02-01"
"Lime Springs Farm","2014-03-27","437865.00","2014-03-28","1990-01-01","2014-06-09","2014-06-09","1990-01-01","2014-05-29","2014-05-29","2014-06-26","6500.00","2014-05-30"
"Village Commons - Redo","1990-01-01",,"1990-01-01","1990-01-01","1990-01-01","1990-01-01","1990-01-01","1990-01-01","1990-01-01","1990-01-01","1000.00","2014-03-04"
"1611 Oregon Pike - lot subdivision","1990-01-01","8600.00","2014-01-24","1990-01-01","1990-01-01","1990-01-01","1990-01-01","1990-01-01","1990-01-01","1990-01-01",,"1990-01-01"
"Carper, Kenneth L. Sr. - 2 Regal Alley & 4 Regal Alley - NOW Ironstone Homes Lots","1990-01-01",,"1990-01-01","1990-01-01","1990-01-01","1990-01-01","1990-01-01","1990-01-01","1990-01-01","1990-01-01",,"1990-01-01"
"Grandview Subdivision Phase 2","2013-06-11","70840.00","2013-12-03","1990-01-01","2013-12-03","2013-12-03","1990-01-01","1990-01-01","1990-01-01","2013-12-19","2500.00","2013-12-03"
"Eden Resort 3rd Floor Expansion","1990-01-01",,"1990-01-01","1990-01-01","1990-01-01","1990-01-01","1990-01-01","1990-01-01","1990-01-01","1990-01-01",,"1990-01-01"
"Lancaster Airport Authority Ambulance/ Balloonport Bldg","1990-01-01",,"1990-01-01","1990-01-01","1990-01-01","1990-01-01","1990-01-01","1990-01-01","1990-01-01","1990-01-01",,"1990-01-01"
"All Size Corrugated - New Bldg","1990-01-01",,"1990-01-01","1990-01-01","1990-01-01","1990-01-01","1990-01-01","1990-01-01","1990-01-01","1990-01-01","300.00","2013-04-11"
"Stonehenge Reserve PHASE 3","2013-04-29","138352.50","2013-06-26","1990-01-01","2013-06-14","2013-06-14","1990-01-01","2013-06-14","2013-06-14","2013-06-27","1500.00","2013-06-14"
"Pop-It Graphics","1990-01-01",,"1990-01-01","1990-01-01","1990-01-01","1990-01-01","1990-01-01","1990-01-01","1990-01-01","1990-01-01",,"1990-01-01"
"WEE CARE DAY SCHOOL (formerly East Pete Daycare Ctr)","1990-01-01",,"1990-01-01","1990-01-01","1990-01-01","1990-01-01","1990-01-01","1990-01-01","1990-01-01","1990-01-01",,"1990-01-01"
"396 Buch Ave - Ironstone Homes LLC","1990-01-01",,"1990-01-01","1990-01-01","1990-01-01","2013-06-14","2013-06-19","1990-01-01","1990-01-01","1990-01-01",,"1990-01-01"
"Essex Court","1990-01-01",,"1990-01-01","1990-01-01","1990-01-01","1990-01-01","1990-01-01","1990-01-01","1990-01-01","1990-01-01",,"1990-01-01"
"Hempfield School District Landisville Education Center - LEC","2013-09-05","13145.00","2013-09-18","1990-01-01","1990-01-01","2013-09-18","2013-09-18","1990-01-01","1990-01-01","1990-01-01","1500.00","2013-09-18"
"1149 Aquilla Dr - Ironstone Homes LLC","1990-01-01",,"1990-01-01","1990-01-01","1990-01-01","1990-01-01","2013-05-20","1990-01-01","1990-01-01","1990-01-01",,"1990-01-01"
"East Petersburg Boro - Nitrate Plant","1990-01-01",,"1990-01-01","1990-01-01","1990-01-01","1990-01-01","1990-01-01","1990-01-01","1990-01-01","1990-01-01","100.00","2013-07-29"
"FERN LN Subdivision - Pete Alecxih","1990-01-01",,"1990-01-01","1990-01-01","1990-01-01","1990-01-01","1990-01-01","1990-01-01","1990-01-01","1990-01-01","1500.00","1990-01-01"
"HILLCREST AVE Subdivision - Pete Alecxih","1990-01-01",,"1990-01-01","1990-01-01","1990-01-01","1990-01-01","1990-01-01","1990-01-01","1990-01-01","1990-01-01","2000.00","1990-01-01"
"Manheim Twp School Dist - Maintenance Bldg","1990-01-01",,"1990-01-01","1990-01-01","1990-01-01","1990-01-01","1990-01-01","1990-01-01","1990-01-01","1990-01-01",,"1990-01-01"
"Quattro Development LLC","2014-05-09","37653.00","2014-05-12","1990-01-01","2014-05-12","2014-05-12","1990-01-01","2014-05-12","2014-05-12","2014-05-22","2500.00","2014-05-12"
"Brunswick Farms Apartments","1990-01-01",,"1990-01-01","1990-01-01","1990-01-01","1990-01-01","1990-01-01","1990-01-01","1990-01-01","1990-01-01",,"1990-01-01"
"Hahn Farming Enterprises 3 Lot Subdivision","1990-01-01",,"1990-01-01","1990-01-01","1990-01-01","1990-01-01","1990-01-01","1990-01-01","1990-01-01","1990-01-01","2000.00","1990-01-01"
"Turkey Hill Prospect Rd Renovation","1990-01-01",,"1990-01-01","1990-01-01","1990-01-01","1990-01-01","1990-01-01","1990-01-01","1990-01-01","1990-01-01",,"1990-01-01"
"Brethren Village Fieldcrest Cottages 13 IDU&#039s","1990-01-01",,"1990-01-01","1990-01-01","1990-01-01","1990-01-01","1990-01-01","1990-01-01","1990-01-01","1990-01-01","1200.00","2013-12-19"
"Grandview Center - mixed use","1990-01-01",,"1990-01-01","1990-01-01","1990-01-01","1990-01-01","1990-01-01","1990-01-01","1990-01-01","1990-01-01",,"1990-01-01"
"Lime Springs Farm - QBP - Quality Bicycle Products","1990-01-01",,"1990-01-01","1990-01-01","1990-01-01","1990-01-01","1990-01-01","1990-01-01","1990-01-01","1990-01-01","1500.00","1990-01-01"
"Herman, Donald & Jacquelyn subdivision 1059 Sylvan Rd","1990-01-01",,"1990-01-01","1990-01-01","1990-01-01","1990-01-01","1990-01-01","1990-01-01","1990-01-01","1990-01-01",,"1990-01-01"
"Benecon","2014-04-30","4125.00","1990-01-01","1990-01-01","1990-01-01","1990-01-01","1990-01-01","1990-01-01","1990-01-01","1990-01-01","1500.00","1990-01-01"
"Perate lot - 1246 Harrisburg Pk","1990-01-01",,"1990-01-01","1990-01-01","1990-01-01","1990-01-01","1990-01-01","1990-01-01","1990-01-01","1990-01-01",,"1990-01-01"
"Landis Valley LP 2660 Oregon Pk residence septic to sewer","1990-01-01",,"1990-01-01","1990-01-01","1990-01-01","1990-01-01","1990-01-01","1990-01-01","1990-01-01","1990-01-01","1500.00","1990-01-01"
"Park City Apartments","1990-01-01",,"1990-01-01","1990-01-01","1990-01-01","1990-01-01","1990-01-01","1990-01-01","1990-01-01","1990-01-01","2000.00","1990-01-01"
"Manheim Twp School Dist - Neffsville IU 13","1990-01-01",,"1990-01-01","1990-01-01","1990-01-01","1990-01-01","1990-01-01","1990-01-01","1990-01-01","1990-01-01",,"1990-01-01"
"Hillcrest Ave Lot - C&F Inc (Fabio Pini) 1526 Hillcrest Ave","1990-01-01",,"1990-01-01","1990-01-01","1990-01-01","1990-01-01","2014-03-10","1990-01-01","1990-01-01","1990-01-01",,"1990-01-01"
"Neurology & Stroke Assocs. - MRI Addition","1990-01-01",,"1990-01-01","1990-01-01","1990-01-01","1990-01-01","1990-01-01","1990-01-01","1990-01-01","1990-01-01",,"1990-01-01"
"Woods Edge Ph 2 Sect 4 Subdivision Plan REVISION","1990-01-01",,"1990-01-01","1990-01-01","1990-01-01","1990-01-01","1990-01-01","1990-01-01","1990-01-01","1990-01-01",,"1990-01-01"
"Lancaster Bible College - New Academic Bldg","1990-01-01",,"1990-01-01","1990-01-01","1990-01-01","1990-01-01","1990-01-01","1990-01-01","1990-01-01","1990-01-01",,"1990-01-01"
"Historic Stone House Moving Project - Mark Ashley","1990-01-01",,"1990-01-01","1990-01-01","1990-01-01","1990-01-01","1990-01-01","1990-01-01","1990-01-01","1990-01-01",,"1990-01-01"
"543 Champ Blvd. - Hotel  (Toews)","1990-01-01",,"1990-01-01","1990-01-01","1990-01-01","1990-01-01","1990-01-01","1990-01-01","1990-01-01","1990-01-01",,"1990-01-01"
"Landis Homes South Campus Expand 2014","1990-01-01",,"1990-01-01","1990-01-01","1990-01-01","1990-01-01","1990-01-01","1990-01-01","1990-01-01","1990-01-01",,"1990-01-01"
"St. Anne&#039s Retirement Community Expand. 2014","1990-01-01",,"1990-01-01","1990-01-01","1990-01-01","1990-01-01","1990-01-01","1990-01-01","1990-01-01","1990-01-01",,"1990-01-01"
"1101 Central Manor Rd (septic to sewer)","1990-01-01",,"1990-01-01","1990-01-01","1990-01-01","1990-01-01","1990-01-01","1990-01-01","1990-01-01","1990-01-01",,"1990-01-01"
"Mohn lot subdivide @ 1431 Hunsecker Rd","1990-01-01",,"1990-01-01","1990-01-01","1990-01-01","1990-01-01","1990-01-01","1990-01-01","1990-01-01","1990-01-01",,"1990-01-01"
"Settlements East","1990-01-01",,"1990-01-01","1990-01-01","1990-01-01","1990-01-01","1990-01-01","1990-01-01","1990-01-01","1990-01-01",,"1990-01-01"
"VOID - duplicate Existing Log #13-813","1990-01-01",,"1990-01-01","1990-01-01","1990-01-01","1990-01-01","1990-01-01","1990-01-01","1990-01-01","1990-01-01",,"1990-01-01"
"Fairmont Subdivision Phase 1","1990-01-01",,"1990-01-01","1990-01-01","1990-01-01","1990-01-01","1990-01-01","1990-01-01","1990-01-01","1990-01-01",,"1990-01-01"
"Stone Fence","1990-01-01",,"1990-01-01","1990-01-01","1990-01-01","1990-01-01","1990-01-01","1990-01-01","1990-01-01","1990-01-01",,"1990-01-01"
"Moove In Partners 741 LP (septic to sewer)","1990-01-01",,"1990-01-01","1990-01-01","1990-01-01","1990-01-01","1990-01-01","1990-01-01","1990-01-01","1990-01-01",,"1990-01-01"
"Lancaster Country Day School Expansion","1990-01-01",,"1990-01-01","1990-01-01","1990-01-01","1990-01-01","1990-01-01","1990-01-01","1990-01-01","1990-01-01",,"1990-01-01"
"J&S Property - 101 W Main St Salunga","1990-01-01",,"1990-01-01","1990-01-01","1990-01-01","1990-01-01","1990-01-01","1990-01-01","1990-01-01","1990-01-01","200.00","2014-06-13"
"Hess Home Bldrs Lot - 708 Tusitala Drive","1990-01-01",,"1990-01-01","1990-01-01","1990-01-01","1990-01-01","1990-01-01","1990-01-01","1990-01-01","1990-01-01",,"1990-01-01"
"Lancaster Bible College - New Residence Hall","1990-01-01",,"1990-01-01","1990-01-01","1990-01-01","1990-01-01","1990-01-01","1990-01-01","1990-01-01","1990-01-01",,"1990-01-01"
